"","id","date","cluster"
"1",0,2016-11-02,10
"2",0,2016-11-03,3
"3",0,2016-11-04,10
"4",0,2016-11-05,3
"5",0,2016-11-06,2
"6",0,2016-11-07,10
"7",0,2016-11-10,10
"8",0,2016-11-11,10
"9",0,2016-11-12,3
"10",0,2016-11-13,10
"11",0,2016-11-14,1
"12",0,2016-11-15,10
"13",0,2016-11-16,1
"14",0,2016-11-17,10
"15",0,2016-11-18,10
"16",0,2016-11-19,1
"17",0,2016-11-22,1
"18",0,2016-11-23,2
"19",0,2016-11-26,3
"20",0,2016-11-29,5
"21",0,2016-11-30,10
"22",0,2016-12-01,7
"23",0,2016-12-02,10
"24",0,2016-12-03,3
"25",0,2016-12-04,7
"26",0,2016-12-05,3
"27",0,2016-12-06,5
"28",0,2016-12-07,5
"29",0,2016-12-08,3
"30",0,2016-12-09,2
"31",0,2016-12-10,10
"32",0,2016-12-11,1
"33",0,2016-12-12,1
"34",0,2016-12-13,10
"35",0,2016-12-14,3
"36",0,2016-12-15,7
"37",0,2016-12-16,5
"38",0,2016-12-17,10
"39",0,2016-12-18,2
"40",0,2016-12-19,10
"41",0,2016-12-20,10
"42",0,2016-12-21,10
"43",0,2016-12-22,10
"44",0,2016-12-23,7
"45",0,2016-12-24,10
"46",0,2016-12-25,1
"47",0,2016-12-26,3
"48",0,2016-12-27,7
"49",0,2016-12-28,10
"50",0,2016-12-29,1
"51",0,2016-12-30,3
"52",0,2017-01-02,2
"53",0,2017-01-03,7
"54",0,2017-01-04,3
"55",0,2017-01-05,3
"56",0,2017-01-06,7
"57",0,2017-01-07,3
"58",0,2017-01-08,10
"59",0,2017-01-09,1
"60",0,2017-01-10,1
"61",0,2017-01-11,10
"62",0,2017-01-12,10
"63",0,2017-01-13,1
"64",0,2017-01-14,3
"65",0,2017-01-15,10
"66",0,2017-01-16,3
"67",0,2017-01-17,10
"68",0,2017-01-18,7
"69",0,2017-01-19,3
"70",0,2017-01-20,3
"71",0,2017-01-21,3
"72",0,2017-01-22,7
"73",0,2017-01-23,10
"74",0,2017-01-24,10
"75",0,2017-01-25,10
"76",0,2017-01-26,10
"77",0,2017-01-27,7
"78",0,2017-01-28,6
"79",0,2017-01-29,2
"80",0,2017-01-30,10
"81",0,2017-01-31,10
"82",1,2016-10-02,6
"83",1,2016-10-03,10
"84",1,2016-10-04,10
"85",1,2016-10-05,5
"86",1,2016-10-06,2
"87",1,2016-10-07,2
"88",1,2016-10-08,2
"89",1,2016-10-09,10
"90",1,2016-10-10,3
"91",1,2016-10-11,2
"92",1,2016-10-12,10
"93",1,2016-10-13,3
"94",1,2016-10-16,10
"95",1,2016-10-17,3
"96",1,2016-10-18,6
"97",1,2016-10-21,10
"98",1,2016-10-22,7
"99",1,2016-10-23,3
"100",1,2016-10-28,10
"101",1,2016-10-29,8
"102",1,2016-10-30,6
"103",1,2016-10-31,3
"104",1,2016-11-01,3
"105",1,2016-11-02,10
"106",1,2016-11-03,5
"107",1,2016-11-04,10
"108",1,2016-11-05,3
"109",1,2016-11-06,7
"110",1,2016-11-07,10
"111",1,2016-11-10,10
"112",1,2016-11-11,10
"113",1,2016-11-12,1
"114",1,2016-11-13,10
"115",1,2016-11-14,6
"116",1,2016-11-15,10
"117",1,2016-11-16,10
"118",1,2016-11-19,2
"119",1,2016-11-20,6
"120",1,2016-11-21,10
"121",1,2016-11-25,5
"122",1,2016-11-26,1
"123",1,2016-11-29,3
"124",1,2016-11-30,4
"125",1,2016-12-01,10
"126",1,2016-12-05,2
"127",1,2016-12-06,5
"128",1,2016-12-07,10
"129",1,2016-12-08,5
"130",1,2016-12-09,3
"131",1,2016-12-10,3
"132",1,2016-12-11,10
"133",1,2016-12-12,3
"134",1,2016-12-13,10
"135",1,2016-12-14,3
"136",1,2016-12-15,1
"137",1,2016-12-16,3
"138",1,2016-12-17,6
"139",1,2016-12-18,1
"140",1,2016-12-19,3
"141",1,2016-12-20,10
"142",1,2016-12-21,10
"143",1,2016-12-22,10
"144",1,2016-12-23,10
"145",1,2016-12-24,5
"146",1,2016-12-25,2
"147",1,2016-12-26,3
"148",1,2016-12-27,1
"149",1,2016-12-28,5
"150",1,2016-12-29,1
"151",1,2016-12-30,1
"152",1,2017-01-02,5
"153",1,2017-01-03,10
"154",1,2017-01-04,4
"155",1,2017-01-05,4
"156",1,2017-01-06,3
"157",1,2017-01-07,10
"158",1,2017-01-08,1
"159",1,2017-01-09,10
"160",1,2017-01-10,1
"161",1,2017-01-11,1
"162",1,2017-01-12,5
"163",1,2017-01-16,1
"164",1,2017-01-17,3
"165",1,2017-01-18,1
"166",1,2017-01-22,10
"167",1,2017-01-23,1
"168",1,2017-01-24,6
"169",1,2017-01-25,1
"170",1,2017-01-26,3
"171",1,2017-01-27,5
"172",1,2017-01-28,6
"173",1,2017-01-29,7
"174",1,2017-01-30,5
"175",1,2017-01-31,5
"176",2,2016-10-02,3
"177",2,2016-10-03,6
"178",2,2016-10-04,5
"179",2,2016-10-05,5
"180",2,2016-10-06,9
"181",2,2016-10-07,5
"182",2,2016-10-08,6
"183",2,2016-10-09,3
"184",2,2016-10-10,5
"185",2,2016-10-11,5
"186",2,2016-10-12,3
"187",2,2016-10-13,9
"188",2,2016-10-14,5
"189",2,2016-10-15,10
"190",2,2016-10-16,6
"191",2,2016-10-17,3
"192",2,2016-10-18,5
"193",2,2016-10-19,6
"194",2,2016-10-20,9
"195",2,2016-10-21,5
"196",2,2016-10-22,6
"197",2,2016-10-23,10
"198",2,2016-10-24,10
"199",2,2016-10-25,6
"200",2,2016-10-26,5
"201",2,2016-10-27,10
"202",2,2016-10-28,6
"203",2,2016-10-29,7
"204",2,2016-10-30,10
"205",2,2016-10-31,3
"206",3,2016-10-02,5
"207",3,2016-10-03,3
"208",3,2016-10-04,8
"209",3,2016-10-05,8
"210",3,2016-10-06,8
"211",3,2016-10-07,8
"212",3,2016-10-08,3
"213",3,2016-10-09,5
"214",3,2016-10-10,8
"215",3,2016-10-11,8
"216",3,2016-10-12,8
"217",3,2016-10-13,5
"218",3,2016-10-14,8
"219",3,2016-10-15,5
"220",3,2016-10-16,8
"221",3,2016-10-19,8
"222",3,2016-10-20,8
"223",3,2016-10-21,8
"224",3,2016-10-22,5
"225",3,2016-10-23,3
"226",3,2016-10-24,8
"227",3,2016-10-25,8
"228",3,2016-10-26,9
"229",3,2016-10-27,9
"230",3,2016-10-28,8
"231",3,2016-10-29,5
"232",3,2016-10-30,7
"233",3,2016-10-31,8
"234",3,2016-11-03,8
"235",3,2016-11-04,8
"236",3,2016-11-05,5
"237",3,2016-11-06,1
"238",3,2016-11-07,8
"239",3,2016-11-10,8
"240",3,2016-11-15,8
"241",3,2016-11-16,8
"242",3,2016-11-17,8
"243",3,2016-11-18,8
"244",3,2016-11-19,5
"245",3,2016-11-22,8
"246",3,2016-11-23,8
"247",3,2016-11-26,7
"248",3,2016-11-29,8
"249",3,2016-12-02,8
"250",3,2016-12-05,8
"251",3,2016-12-06,8
"252",3,2016-12-07,8
"253",3,2016-12-08,8
"254",3,2016-12-09,8
"255",3,2016-12-10,8
"256",3,2016-12-11,5
"257",3,2016-12-12,8
"258",3,2016-12-13,8
"259",3,2016-12-14,8
"260",3,2016-12-15,8
"261",3,2016-12-16,8
"262",3,2016-12-17,5
"263",3,2016-12-18,2
"264",3,2016-12-19,8
"265",3,2016-12-20,8
"266",3,2016-12-21,8
"267",3,2016-12-22,8
"268",3,2016-12-23,8
"269",3,2016-12-24,3
"270",3,2016-12-25,1
"271",3,2016-12-26,8
"272",3,2016-12-27,8
"273",3,2016-12-28,8
"274",3,2016-12-29,8
"275",3,2016-12-30,5
"276",3,2017-01-02,5
"277",3,2017-01-03,8
"278",3,2017-01-04,8
"279",3,2017-01-05,8
"280",3,2017-01-06,8
"281",3,2017-01-07,5
"282",3,2017-01-08,5
"283",3,2017-01-09,8
"284",3,2017-01-10,8
"285",3,2017-01-11,8
"286",3,2017-01-12,8
"287",3,2017-01-13,8
"288",3,2017-01-14,5
"289",3,2017-01-15,7
"290",3,2017-01-16,8
"291",3,2017-01-17,8
"292",3,2017-01-18,8
"293",3,2017-01-19,8
"294",3,2017-01-20,8
"295",3,2017-01-21,7
"296",3,2017-01-22,3
"297",3,2017-01-23,5
"298",3,2017-01-24,8
"299",3,2017-01-25,5
"300",3,2017-01-26,5
"301",3,2017-01-27,3
"302",3,2017-01-28,5
"303",3,2017-01-29,7
"304",3,2017-01-30,5
"305",3,2017-01-31,8
"306",4,2016-09-02,9
"307",4,2016-09-03,3
"308",4,2016-09-04,3
"309",4,2016-09-05,9
"310",4,2016-09-06,6
"311",4,2016-09-07,9
"312",4,2016-09-08,9
"313",4,2016-09-09,9
"314",4,2016-09-10,9
"315",4,2016-09-11,3
"316",4,2016-09-12,9
"317",4,2016-09-13,6
"318",4,2016-09-14,5
"319",4,2016-09-15,5
"320",4,2016-09-16,10
"321",4,2016-09-17,1
"322",4,2016-09-18,3
"323",4,2016-09-24,10
"324",4,2016-09-25,3
"325",4,2016-09-26,6
"326",4,2016-09-27,9
"327",4,2016-09-28,6
"328",4,2016-09-29,9
"329",4,2016-09-30,8
"330",4,2016-10-01,6
"331",4,2016-10-02,1
"332",4,2016-10-03,2
"333",4,2016-10-04,9
"334",4,2016-10-05,8
"335",4,2016-10-06,8
"336",4,2016-10-07,9
"337",4,2016-10-08,1
"338",4,2016-10-09,2
"339",4,2016-10-10,9
"340",4,2016-10-11,9
"341",4,2016-10-12,9
"342",4,2016-10-13,8
"343",4,2016-10-14,9
"344",4,2016-10-15,2
"345",4,2016-10-16,6
"346",4,2016-10-17,9
"347",4,2016-10-18,9
"348",4,2016-10-19,6
"349",4,2016-10-20,9
"350",4,2016-10-21,5
"351",4,2016-10-22,6
"352",4,2016-10-23,3
"353",4,2016-10-24,9
"354",4,2016-10-25,9
"355",4,2016-10-26,9
"356",4,2016-10-27,8
"357",4,2016-10-28,9
"358",4,2016-10-29,1
"359",4,2016-10-30,3
"360",4,2016-10-31,9
"361",4,2016-11-01,3
"362",4,2016-11-02,9
"363",4,2016-11-03,9
"364",4,2016-11-04,9
"365",4,2016-11-05,9
"366",4,2016-11-06,1
"367",4,2016-11-07,8
"368",4,2016-11-10,6
"369",4,2016-11-11,9
"370",4,2016-11-12,9
"371",4,2016-11-13,3
"372",4,2016-11-14,9
"373",4,2016-11-15,9
"374",4,2016-11-16,9
"375",4,2016-11-17,9
"376",4,2016-11-18,6
"377",4,2016-11-19,9
"378",4,2016-11-22,9
"379",4,2016-11-23,6
"380",4,2016-11-26,5
"381",4,2016-11-29,8
"382",4,2016-11-30,9
"383",5,2016-09-04,3
"384",5,2016-09-05,3
"385",5,2016-09-06,1
"386",5,2016-09-07,3
"387",5,2016-09-08,1
"388",5,2016-09-09,5
"389",5,2016-09-10,3
"390",5,2016-09-11,3
"391",5,2016-09-12,3
"392",5,2016-09-13,3
"393",5,2016-09-14,3
"394",5,2016-09-15,3
"395",5,2016-09-16,5
"396",5,2016-09-17,3
"397",5,2016-09-18,3
"398",5,2016-09-24,3
"399",5,2016-09-25,3
"400",5,2016-09-26,3
"401",5,2016-09-27,3
"402",5,2016-09-28,10
"403",5,2016-09-29,3
"404",5,2016-09-30,3
"405",5,2016-10-01,7
"406",5,2016-10-02,3
"407",5,2016-10-03,3
"408",5,2016-10-04,3
"409",5,2016-10-05,10
"410",5,2016-10-06,3
"411",5,2016-10-07,3
"412",5,2016-10-08,1
"413",5,2016-10-09,1
"414",5,2016-10-10,3
"415",5,2016-10-11,10
"416",5,2016-10-12,3
"417",5,2016-10-13,3
"418",5,2016-10-14,3
"419",5,2016-10-15,5
"420",5,2016-10-16,1
"421",5,2016-10-17,10
"422",5,2016-10-18,10
"423",5,2016-10-19,3
"424",5,2016-10-20,3
"425",5,2016-10-21,3
"426",5,2016-10-22,10
"427",5,2016-10-23,3
"428",5,2016-10-24,3
"429",5,2016-10-25,3
"430",5,2016-10-26,3
"431",5,2016-10-27,3
"432",5,2016-10-28,3
"433",5,2016-10-29,3
"434",5,2016-10-30,3
"435",5,2016-10-31,10
"436",6,2016-09-02,1
"437",6,2016-09-03,5
"438",6,2016-09-04,7
"439",6,2016-09-05,8
"440",6,2016-09-06,6
"441",6,2016-09-07,1
"442",6,2016-09-08,1
"443",6,2016-09-09,1
"444",6,2016-09-10,10
"445",6,2016-09-11,3
"446",6,2016-09-12,6
"447",6,2016-09-13,5
"448",6,2016-09-14,3
"449",6,2016-09-15,1
"450",6,2016-09-16,10
"451",6,2016-09-17,1
"452",6,2016-09-18,3
"453",6,2016-09-24,5
"454",6,2016-09-25,10
"455",6,2016-09-26,1
"456",6,2016-09-27,6
"457",6,2016-09-28,1
"458",6,2016-09-29,6
"459",6,2016-09-30,5
"460",6,2016-10-01,10
"461",6,2016-10-02,2
"462",6,2016-10-03,3
"463",6,2016-10-04,6
"464",6,2016-10-05,6
"465",6,2016-10-06,5
"466",6,2016-10-07,5
"467",6,2016-10-08,10
"468",6,2016-10-09,7
"469",6,2016-10-10,1
"470",6,2016-10-11,1
"471",6,2016-10-12,10
"472",6,2016-10-13,2
"473",6,2016-10-14,1
"474",6,2016-10-15,6
"475",7,2016-12-02,6
"476",7,2016-12-03,6
"477",7,2016-12-04,1
"478",7,2016-12-05,6
"479",7,2016-12-06,10
"480",7,2016-12-07,6
"481",7,2016-12-08,6
"482",7,2016-12-09,10
"483",7,2016-12-10,6
"484",7,2016-12-11,1
"485",7,2016-12-12,6
"486",7,2016-12-13,10
"487",7,2016-12-14,6
"488",7,2016-12-15,6
"489",7,2016-12-16,6
"490",7,2016-12-17,3
"491",7,2016-12-18,6
"492",7,2016-12-19,6
"493",7,2016-12-20,5
"494",7,2016-12-21,6
"495",7,2016-12-22,6
"496",7,2016-12-23,10
"497",7,2016-12-24,10
"498",7,2016-12-25,10
"499",7,2016-12-26,6
"500",7,2016-12-27,10
"501",7,2016-12-28,10
"502",7,2016-12-29,6
"503",7,2016-12-30,9
"504",7,2017-01-02,6
"505",7,2017-01-03,6
"506",7,2017-01-04,9
"507",7,2017-01-05,7
"508",7,2017-01-06,10
"509",7,2017-01-07,7
"510",7,2017-01-08,6
"511",7,2017-01-09,3
"512",7,2017-01-10,6
"513",7,2017-01-11,3
"514",7,2017-01-12,10
"515",7,2017-01-13,6
"516",7,2017-01-14,6
"517",7,2017-01-15,6
"518",7,2017-01-16,10
"519",7,2017-01-17,6
"520",7,2017-01-18,6
"521",7,2017-01-19,9
"522",7,2017-01-20,5
"523",7,2017-01-21,7
"524",7,2017-01-22,10
"525",7,2017-01-23,9
"526",7,2017-01-24,6
"527",7,2017-01-25,6
"528",7,2017-01-26,6
"529",7,2017-01-27,7
"530",7,2017-01-28,6
"531",7,2017-01-29,1
"532",7,2017-01-30,6
"533",7,2017-01-31,10
"534",8,2016-12-02,9
"535",8,2016-12-03,3
"536",8,2016-12-04,10
"537",8,2016-12-05,6
"538",8,2016-12-06,10
"539",8,2016-12-07,6
"540",8,2016-12-08,6
"541",8,2016-12-09,3
"542",8,2016-12-10,3
"543",8,2016-12-11,3
"544",8,2016-12-12,6
"545",8,2016-12-13,6
"546",8,2016-12-14,6
"547",8,2016-12-15,10
"548",8,2016-12-16,3
"549",8,2016-12-17,3
"550",8,2016-12-18,3
"551",8,2016-12-19,3
"552",8,2016-12-20,6
"553",8,2016-12-21,10
"554",8,2016-12-22,6
"555",8,2016-12-23,2
"556",8,2016-12-24,1
"557",8,2016-12-25,7
"558",8,2016-12-26,8
"559",8,2016-12-27,6
"560",8,2016-12-28,6
"561",8,2016-12-29,6
"562",8,2016-12-30,7
"563",8,2017-01-02,6
"564",8,2017-01-03,9
"565",8,2017-01-04,6
"566",8,2017-01-05,6
"567",8,2017-01-06,9
"568",8,2017-01-07,3
"569",8,2017-01-08,3
"570",8,2017-01-09,6
"571",8,2017-01-10,6
"572",8,2017-01-11,6
"573",8,2017-01-12,8
"574",8,2017-01-13,7
"575",8,2017-01-14,7
"576",8,2017-01-15,10
"577",8,2017-01-16,6
"578",8,2017-01-17,6
"579",8,2017-01-18,6
"580",8,2017-01-19,8
"581",8,2017-01-20,9
"582",8,2017-01-21,3
"583",8,2017-01-22,10
"584",8,2017-01-23,9
"585",8,2017-01-24,8
"586",8,2017-01-25,6
"587",8,2017-01-26,6
"588",8,2017-01-27,2
"589",8,2017-01-28,9
"590",8,2017-01-29,10
"591",8,2017-01-30,3
"592",8,2017-01-31,6
"593",9,2016-10-02,3
"594",9,2016-10-03,3
"595",9,2016-10-04,1
"596",9,2016-10-05,6
"597",9,2016-10-06,9
"598",9,2016-10-07,2
"599",9,2016-10-08,2
"600",9,2016-10-09,3
"601",9,2016-10-10,3
"602",9,2016-10-11,5
"603",9,2016-10-12,5
"604",9,2016-10-13,1
"605",9,2016-10-14,5
"606",9,2016-10-15,9
"607",9,2016-10-16,9
"608",9,2016-10-17,9
"609",9,2016-10-18,9
"610",9,2016-10-19,6
"611",9,2016-10-20,9
"612",9,2016-10-21,3
"613",9,2016-10-22,1
"614",9,2016-10-23,9
"615",9,2016-10-24,9
"616",9,2016-10-25,5
"617",9,2016-10-26,10
"618",9,2016-10-27,9
"619",9,2016-10-28,9
"620",9,2016-10-29,7
"621",9,2016-10-30,9
"622",9,2016-10-31,9
"623",9,2016-11-01,9
"624",9,2016-11-02,6
"625",9,2016-11-03,9
"626",9,2016-11-04,9
"627",9,2016-11-05,3
"628",9,2016-11-06,3
"629",9,2016-11-07,6
"630",9,2016-11-10,9
"631",9,2016-11-11,9
"632",9,2016-11-12,3
"633",9,2016-11-13,9
"634",9,2016-11-14,9
"635",9,2016-11-15,9
"636",9,2016-11-16,9
"637",9,2016-11-17,9
"638",9,2016-11-18,9
"639",9,2016-11-19,5
"640",9,2016-11-20,6
"641",9,2016-11-21,6
"642",9,2016-11-22,5
"643",9,2016-11-23,9
"644",9,2016-11-24,9
"645",9,2016-11-25,5
"646",9,2016-11-26,3
"647",9,2016-11-29,9
"648",9,2016-11-30,9
"649",9,2016-12-01,9
"650",9,2016-12-02,9
"651",9,2016-12-03,2
"652",9,2016-12-04,1
"653",9,2016-12-05,5
"654",9,2016-12-06,9
"655",9,2016-12-07,9
"656",9,2016-12-08,9
"657",9,2016-12-09,9
"658",9,2016-12-10,10
"659",9,2016-12-11,9
"660",9,2016-12-12,5
"661",9,2016-12-13,9
"662",9,2016-12-14,5
"663",9,2016-12-15,6
"664",9,2016-12-16,6
"665",9,2016-12-17,1
"666",9,2016-12-18,9
"667",9,2016-12-19,9
"668",9,2016-12-20,9
"669",9,2016-12-21,9
"670",9,2016-12-22,9
"671",9,2016-12-23,9
"672",9,2016-12-24,5
"673",9,2016-12-25,9
"674",9,2016-12-26,9
"675",9,2016-12-27,9
"676",9,2016-12-28,9
"677",9,2016-12-29,9
"678",9,2016-12-30,9
"679",9,2017-01-02,9
"680",9,2017-01-03,5
"681",9,2017-01-04,9
"682",9,2017-01-05,5
"683",9,2017-01-06,9
"684",9,2017-01-07,9
"685",9,2017-01-08,9
"686",9,2017-01-09,5
"687",9,2017-01-10,9
"688",9,2017-01-11,9
"689",9,2017-01-12,9
"690",9,2017-01-13,9
"691",9,2017-01-14,2
"692",9,2017-01-15,5
"693",9,2017-01-16,9
"694",9,2017-01-17,9
"695",9,2017-01-18,9
"696",9,2017-01-19,9
"697",9,2017-01-20,9
"698",9,2017-01-21,7
"699",9,2017-01-22,5
"700",9,2017-01-23,9
"701",9,2017-01-24,9
"702",9,2017-01-25,9
"703",9,2017-01-26,9
"704",9,2017-01-27,9
"705",9,2017-01-28,9
"706",9,2017-01-29,5
"707",9,2017-01-30,5
"708",9,2017-01-31,5
"709",10,2016-10-02,5
"710",10,2016-10-03,5
"711",10,2016-10-04,5
"712",10,2016-10-05,3
"713",10,2016-10-06,5
"714",10,2016-10-07,10
"715",10,2016-10-08,5
"716",10,2016-10-09,6
"717",10,2016-10-10,6
"718",10,2016-10-11,5
"719",10,2016-10-12,6
"720",10,2016-10-13,5
"721",10,2016-10-14,5
"722",10,2016-10-15,5
"723",10,2016-10-16,5
"724",10,2016-10-17,5
"725",10,2016-10-18,5
"726",10,2016-10-19,5
"727",10,2016-10-20,3
"728",10,2016-10-21,3
"729",10,2016-10-22,6
"730",10,2016-10-23,6
"731",10,2016-10-24,5
"732",10,2016-10-25,9
"733",10,2016-10-26,1
"734",10,2016-10-27,5
"735",10,2016-10-28,1
"736",10,2016-10-29,10
"737",10,2016-10-30,5
"738",10,2016-10-31,8
"739",10,2016-11-01,3
"740",10,2016-11-02,1
"741",10,2016-11-03,3
"742",10,2016-11-04,10
"743",10,2016-11-05,3
"744",10,2016-11-06,3
"745",10,2016-11-07,8
"746",10,2016-11-10,6
"747",10,2016-11-11,10
"748",10,2016-11-12,3
"749",10,2016-11-13,6
"750",10,2016-11-14,3
"751",10,2016-11-15,9
"752",10,2016-11-16,5
"753",10,2016-11-17,9
"754",10,2016-11-18,6
"755",10,2016-11-19,5
"756",10,2016-11-20,5
"757",10,2016-11-21,6
"758",10,2016-11-22,9
"759",10,2016-11-23,3
"760",10,2016-11-24,5
"761",10,2016-11-25,10
"762",10,2016-11-26,5
"763",10,2016-11-29,9
"764",10,2016-11-30,3
"765",10,2016-12-01,9
"766",10,2016-12-02,5
"767",10,2016-12-03,5
"768",10,2016-12-04,9
"769",10,2016-12-05,6
"770",10,2016-12-06,5
"771",10,2016-12-07,5
"772",10,2016-12-08,5
"773",10,2016-12-09,5
"774",10,2016-12-10,1
"775",10,2016-12-11,8
"776",10,2016-12-12,5
"777",10,2016-12-13,9
"778",10,2016-12-14,9
"779",10,2016-12-15,5
"780",10,2016-12-16,5
"781",10,2016-12-17,7
"782",10,2016-12-18,10
"783",10,2016-12-19,5
"784",10,2016-12-20,9
"785",10,2016-12-21,5
"786",10,2016-12-22,5
"787",10,2016-12-23,5
"788",10,2016-12-24,1
"789",10,2016-12-25,5
"790",10,2016-12-26,3
"791",10,2016-12-27,5
"792",10,2016-12-28,3
"793",10,2016-12-29,5
"794",10,2016-12-30,5
"795",10,2017-01-02,6
"796",10,2017-01-03,5
"797",10,2017-01-04,3
"798",10,2017-01-05,9
"799",10,2017-01-06,5
"800",10,2017-01-07,5
"801",10,2017-01-08,5
"802",10,2017-01-09,10
"803",10,2017-01-10,9
"804",10,2017-01-11,5
"805",10,2017-01-12,5
"806",10,2017-01-13,10
"807",10,2017-01-14,6
"808",10,2017-01-15,8
"809",10,2017-01-16,10
"810",10,2017-01-17,9
"811",10,2017-01-18,9
"812",10,2017-01-19,9
"813",10,2017-01-20,9
"814",10,2017-01-21,5
"815",10,2017-01-22,6
"816",10,2017-01-23,6
"817",10,2017-01-24,5
"818",10,2017-01-25,5
"819",10,2017-01-26,9
"820",10,2017-01-27,1
"821",10,2017-01-28,5
"822",10,2017-01-29,5
"823",10,2017-01-30,9
"824",10,2017-01-31,5
"825",11,2017-04-02,10
"826",11,2017-04-03,1
"827",11,2017-04-04,6
"828",11,2017-04-05,5
"829",11,2017-04-06,8
"830",11,2017-04-07,8
"831",11,2017-04-08,6
"832",11,2017-04-09,10
"833",11,2017-04-10,6
"834",11,2017-04-11,8
"835",11,2017-04-12,8
"836",11,2017-04-13,8
"837",11,2017-04-14,8
"838",11,2017-04-15,3
"839",11,2017-04-16,10
"840",11,2017-04-17,10
"841",11,2017-04-18,10
"842",11,2017-04-19,8
"843",11,2017-04-20,10
"844",11,2017-04-21,10
"845",11,2017-04-22,7
"846",11,2017-04-23,6
"847",11,2017-04-24,6
"848",11,2017-04-25,6
"849",11,2017-04-26,8
"850",11,2017-04-27,8
"851",11,2017-04-28,8
"852",11,2017-04-29,2
"853",11,2017-04-30,8
"854",12,2016-10-02,6
"855",12,2016-10-03,6
"856",12,2016-10-04,10
"857",12,2016-10-05,6
"858",12,2016-10-06,10
"859",12,2016-10-07,10
"860",12,2016-10-08,10
"861",12,2016-10-09,10
"862",12,2016-10-10,10
"863",12,2016-10-11,6
"864",12,2016-10-12,10
"865",12,2016-10-13,10
"866",12,2016-10-14,6
"867",12,2016-10-15,10
"868",12,2016-10-16,6
"869",12,2016-10-17,10
"870",12,2016-10-18,10
"871",12,2016-10-19,6
"872",12,2016-10-20,10
"873",12,2016-10-21,6
"874",12,2016-10-22,5
"875",12,2016-10-23,2
"876",12,2016-10-24,3
"877",12,2016-10-25,10
"878",12,2016-10-26,5
"879",12,2016-10-27,10
"880",12,2016-10-28,10
"881",12,2016-10-29,9
"882",12,2016-10-30,10
"883",12,2016-10-31,10
"884",12,2016-11-01,10
"885",12,2016-11-02,10
"886",12,2016-11-03,10
"887",12,2016-11-04,10
"888",12,2016-11-07,10
"889",12,2016-11-10,10
"890",12,2016-11-11,10
"891",12,2016-11-12,6
"892",12,2016-11-13,7
"893",12,2016-11-14,10
"894",12,2016-11-15,10
"895",12,2016-11-16,10
"896",12,2016-11-17,10
"897",12,2016-11-18,10
"898",12,2016-11-19,6
"899",12,2016-11-20,1
"900",12,2016-11-21,10
"901",12,2016-11-22,3
"902",12,2016-11-23,10
"903",12,2016-11-24,10
"904",12,2016-11-25,10
"905",12,2016-11-26,9
"906",12,2016-11-29,10
"907",12,2016-11-30,10
"908",12,2016-12-01,6
"909",12,2016-12-02,10
"910",12,2016-12-03,5
"911",12,2016-12-04,10
"912",12,2016-12-05,10
"913",12,2016-12-06,6
"914",12,2016-12-07,10
"915",12,2016-12-08,1
"916",12,2016-12-09,6
"917",12,2016-12-10,6
"918",12,2016-12-11,10
"919",12,2016-12-12,10
"920",12,2016-12-13,10
"921",12,2016-12-14,1
"922",12,2016-12-15,10
"923",12,2016-12-16,10
"924",12,2016-12-20,10
"925",12,2016-12-21,10
"926",12,2016-12-22,10
"927",12,2016-12-23,7
"928",12,2016-12-24,3
"929",12,2016-12-25,1
"930",12,2016-12-26,3
"931",12,2016-12-27,10
"932",12,2016-12-28,2
"933",12,2016-12-29,10
"934",12,2016-12-30,5
"935",12,2017-01-02,6
"936",12,2017-01-03,7
"937",12,2017-01-04,10
"938",12,2017-01-05,10
"939",12,2017-01-06,10
"940",12,2017-01-07,10
"941",12,2017-01-08,3
"942",12,2017-01-09,10
"943",12,2017-01-10,10
"944",12,2017-01-11,10
"945",12,2017-01-12,6
"946",12,2017-01-13,3
"947",12,2017-01-14,8
"948",12,2017-01-17,10
"949",12,2017-01-18,3
"950",12,2017-01-19,10
"951",12,2017-01-20,10
"952",12,2017-01-21,6
"953",12,2017-01-22,2
"954",12,2017-01-23,10
"955",12,2017-01-24,3
"956",12,2017-01-25,9
"957",12,2017-01-26,7
"958",12,2017-01-27,5
"959",12,2017-01-28,5
"960",12,2017-01-29,9
"961",12,2017-01-30,6
"962",12,2017-01-31,3
"963",13,2016-11-03,3
"964",13,2016-11-04,5
"965",13,2016-11-05,1
"966",13,2016-11-06,9
"967",13,2016-11-07,5
"968",13,2016-11-10,3
"969",13,2016-11-11,5
"970",13,2016-11-12,3
"971",13,2016-11-13,3
"972",13,2016-11-14,6
"973",13,2016-11-15,3
"974",13,2016-11-16,3
"975",13,2016-11-17,3
"976",13,2016-11-18,5
"977",13,2016-11-19,5
"978",13,2016-11-20,2
"979",13,2016-11-21,6
"980",13,2016-11-22,3
"981",13,2016-11-23,3
"982",13,2016-11-24,1
"983",13,2016-11-25,6
"984",13,2016-11-26,1
"985",13,2016-11-29,3
"986",13,2016-11-30,10
"987",13,2016-12-01,3
"988",13,2016-12-02,5
"989",13,2016-12-03,5
"990",13,2016-12-04,2
"991",13,2016-12-05,6
"992",13,2016-12-06,3
"993",13,2016-12-07,3
"994",13,2016-12-08,3
"995",13,2016-12-09,6
"996",13,2016-12-10,5
"997",13,2016-12-11,3
"998",13,2016-12-12,9
"999",13,2016-12-13,3
"1000",13,2016-12-14,3
"1001",13,2016-12-15,2
"1002",13,2016-12-16,6
"1003",13,2016-12-17,7
"1004",13,2016-12-18,10
"1005",13,2016-12-19,6
"1006",13,2016-12-20,1
"1007",13,2016-12-21,3
"1008",13,2016-12-22,3
"1009",13,2016-12-23,6
"1010",13,2016-12-24,3
"1011",13,2016-12-25,6
"1012",13,2016-12-26,5
"1013",13,2016-12-27,2
"1014",13,2016-12-28,5
"1015",13,2016-12-29,6
"1016",13,2016-12-30,9
"1017",13,2017-01-02,6
"1018",13,2017-01-03,1
"1019",13,2017-01-04,3
"1020",13,2017-01-05,3
"1021",13,2017-01-06,9
"1022",13,2017-01-07,6
"1023",13,2017-01-08,3
"1024",13,2017-01-09,6
"1025",13,2017-01-10,3
"1026",13,2017-01-11,3
"1027",13,2017-01-12,3
"1028",13,2017-01-13,6
"1029",13,2017-01-14,3
"1030",13,2017-01-15,10
"1031",13,2017-01-16,6
"1032",13,2017-01-17,3
"1033",13,2017-01-18,3
"1034",13,2017-01-19,3
"1035",13,2017-01-20,9
"1036",13,2017-01-21,5
"1037",13,2017-01-22,1
"1038",13,2017-01-23,9
"1039",13,2017-01-24,3
"1040",13,2017-01-25,6
"1041",13,2017-01-26,10
"1042",13,2017-01-27,5
"1043",13,2017-01-28,9
"1044",13,2017-01-29,6
"1045",13,2017-01-30,9
"1046",13,2017-01-31,6
"1047",14,2016-10-02,10
"1048",14,2016-10-03,10
"1049",14,2016-10-04,10
"1050",14,2016-10-05,10
"1051",14,2016-10-06,10
"1052",14,2016-10-07,10
"1053",14,2016-10-08,2
"1054",14,2016-10-09,3
"1055",14,2016-10-10,10
"1056",14,2016-10-11,2
"1057",14,2016-10-12,10
"1058",14,2016-10-13,10
"1059",14,2016-10-14,3
"1060",14,2016-10-15,10
"1061",14,2016-10-16,3
"1062",14,2016-10-17,10
"1063",14,2016-10-18,10
"1064",14,2016-10-19,10
"1065",14,2016-10-20,10
"1066",14,2016-10-21,3
"1067",14,2016-10-22,7
"1068",14,2016-10-23,3
"1069",14,2016-10-24,10
"1070",14,2016-10-25,10
"1071",14,2016-10-26,10
"1072",14,2016-10-27,10
"1073",14,2016-10-28,2
"1074",14,2016-10-29,2
"1075",14,2016-10-30,3
"1076",14,2016-10-31,10
"1077",14,2016-11-03,10
"1078",14,2016-11-06,6
"1079",14,2016-11-11,10
"1080",14,2016-11-15,3
"1081",14,2016-11-18,3
"1082",14,2016-11-19,1
"1083",14,2016-11-22,10
"1084",14,2016-11-23,10
"1085",14,2016-11-29,2
"1086",14,2016-11-30,10
"1087",14,2016-12-01,10
"1088",14,2016-12-02,10
"1089",14,2016-12-03,3
"1090",14,2016-12-04,6
"1091",14,2016-12-05,10
"1092",14,2016-12-06,10
"1093",14,2016-12-07,6
"1094",14,2016-12-08,6
"1095",14,2016-12-09,10
"1096",14,2016-12-10,1
"1097",14,2016-12-11,6
"1098",14,2016-12-12,10
"1099",14,2016-12-13,10
"1100",14,2016-12-14,10
"1101",14,2016-12-15,10
"1102",14,2016-12-16,10
"1103",14,2016-12-17,3
"1104",14,2016-12-18,3
"1105",14,2016-12-19,10
"1106",14,2016-12-20,10
"1107",14,2016-12-21,3
"1108",14,2016-12-22,10
"1109",14,2016-12-23,10
"1110",14,2016-12-24,10
"1111",14,2016-12-25,6
"1112",14,2016-12-26,10
"1113",14,2016-12-27,10
"1114",14,2016-12-28,10
"1115",14,2016-12-29,2
"1116",14,2016-12-30,10
"1117",14,2017-01-02,10
"1118",14,2017-01-03,10
"1119",14,2017-01-04,10
"1120",14,2017-01-05,10
"1121",14,2017-01-06,10
"1122",14,2017-01-07,10
"1123",14,2017-01-08,3
"1124",14,2017-01-09,10
"1125",14,2017-01-10,10
"1126",14,2017-01-11,10
"1127",14,2017-01-12,10
"1128",14,2017-01-13,7
"1129",14,2017-01-14,3
"1130",14,2017-01-15,10
"1131",14,2017-01-16,10
"1132",14,2017-01-17,10
"1133",14,2017-01-18,10
"1134",14,2017-01-19,6
"1135",14,2017-01-20,10
"1136",15,2017-03-16,5
"1137",15,2017-03-17,5
"1138",15,2017-03-18,5
"1139",15,2017-03-19,3
"1140",15,2017-03-20,5
"1141",15,2017-03-21,6
"1142",15,2017-03-22,5
"1143",15,2017-03-23,6
"1144",15,2017-03-24,6
"1145",15,2017-03-25,5
"1146",15,2017-03-26,3
"1147",15,2017-03-27,3
"1148",15,2017-03-28,8
"1149",15,2017-03-31,3
"1150",15,2017-04-01,5
"1151",15,2017-04-02,5
"1152",15,2017-04-03,6
"1153",15,2017-04-04,6
"1154",15,2017-04-05,5
"1155",15,2017-04-06,6
"1156",15,2017-04-07,6
"1157",15,2017-04-08,1
"1158",15,2017-04-09,5
"1159",15,2017-04-10,5
"1160",15,2017-04-11,5
"1161",15,2017-04-12,3
"1162",15,2017-04-13,10
"1163",15,2017-04-14,5
"1164",15,2017-04-15,6
"1165",15,2017-04-16,6
"1166",15,2017-04-17,1
"1167",15,2017-04-18,6
"1168",15,2017-04-19,5
"1169",15,2017-04-20,10
"1170",15,2017-04-21,5
"1171",15,2017-04-22,6
"1172",15,2017-04-23,5
"1173",15,2017-04-24,5
"1174",15,2017-04-25,6
"1175",15,2017-04-26,6
"1176",15,2017-04-27,6
"1177",15,2017-04-28,5
"1178",15,2017-04-29,5
"1179",15,2017-04-30,10
"1180",16,2016-09-02,5
"1181",16,2016-09-03,6
"1182",16,2016-09-04,5
"1183",16,2016-09-05,9
"1184",16,2016-09-06,9
"1185",16,2016-09-07,5
"1186",16,2016-09-08,9
"1187",16,2016-09-09,5
"1188",16,2016-09-10,5
"1189",16,2016-09-11,5
"1190",16,2016-09-12,9
"1191",16,2016-09-13,5
"1192",16,2016-09-14,5
"1193",16,2016-09-15,5
"1194",16,2016-09-16,6
"1195",16,2016-09-17,7
"1196",16,2016-09-18,5
"1197",16,2016-09-24,9
"1198",16,2016-09-25,3
"1199",16,2016-09-26,5
"1200",16,2016-09-27,9
"1201",16,2016-09-28,5
"1202",16,2016-09-29,6
"1203",16,2016-09-30,6
"1204",16,2016-10-01,6
"1205",16,2016-10-02,5
"1206",16,2016-10-03,9
"1207",16,2016-10-04,5
"1208",16,2016-10-05,9
"1209",16,2016-10-06,8
"1210",16,2016-10-07,5
"1211",16,2016-10-08,5
"1212",16,2016-10-09,6
"1213",16,2016-10-10,9
"1214",16,2016-10-11,9
"1215",16,2016-10-12,5
"1216",16,2016-10-13,8
"1217",16,2016-10-14,5
"1218",16,2016-10-15,5
"1219",16,2016-10-16,10
"1220",16,2016-10-17,8
"1221",16,2016-10-18,6
"1222",16,2016-10-19,9
"1223",16,2016-10-20,5
"1224",16,2016-10-21,5
"1225",16,2016-10-22,6
"1226",16,2016-10-23,6
"1227",16,2016-10-24,3
"1228",16,2016-10-25,5
"1229",16,2016-10-26,9
"1230",16,2016-10-27,5
"1231",16,2016-10-28,7
"1232",16,2016-10-29,3
"1233",16,2016-10-30,6
"1234",16,2016-10-31,9
"1235",16,2016-11-01,6
"1236",16,2016-11-02,5
"1237",16,2016-11-03,9
"1238",16,2016-11-04,5
"1239",16,2016-11-05,6
"1240",16,2016-11-06,5
"1241",16,2016-11-07,5
"1242",16,2016-11-10,8
"1243",16,2016-11-15,9
"1244",17,2016-11-04,5
"1245",17,2016-11-05,7
"1246",17,2016-11-06,7
"1247",17,2016-11-07,9
"1248",17,2016-11-10,10
"1249",17,2016-11-11,1
"1250",17,2016-11-12,7
"1251",17,2016-11-13,10
"1252",17,2016-11-14,8
"1253",17,2016-11-15,10
"1254",17,2016-11-16,9
"1255",17,2016-11-17,3
"1256",17,2016-11-18,8
"1257",17,2016-11-19,6
"1258",17,2016-11-22,7
"1259",17,2016-11-23,1
"1260",17,2016-11-26,3
"1261",17,2016-11-29,2
"1262",17,2016-11-30,7
"1263",17,2016-12-01,2
"1264",17,2016-12-02,8
"1265",17,2016-12-03,3
"1266",17,2016-12-04,1
"1267",17,2016-12-05,10
"1268",17,2016-12-06,1
"1269",17,2016-12-07,3
"1270",17,2016-12-08,7
"1271",17,2016-12-11,3
"1272",17,2016-12-12,3
"1273",17,2016-12-13,10
"1274",17,2016-12-14,7
"1275",17,2016-12-15,10
"1276",17,2016-12-16,4
"1277",17,2016-12-17,7
"1278",17,2016-12-18,10
"1279",17,2016-12-19,5
"1280",17,2016-12-20,10
"1281",17,2016-12-21,7
"1282",17,2016-12-22,5
"1283",17,2016-12-23,6
"1284",17,2016-12-24,7
"1285",17,2016-12-25,10
"1286",17,2016-12-26,2
"1287",17,2016-12-27,3
"1288",17,2016-12-28,2
"1289",17,2016-12-29,10
"1290",17,2016-12-30,10
"1291",17,2017-01-02,3
"1292",17,2017-01-03,10
"1293",17,2017-01-04,5
"1294",17,2017-01-05,6
"1295",17,2017-01-06,2
"1296",17,2017-01-07,3
"1297",17,2017-01-08,3
"1298",17,2017-01-09,3
"1299",17,2017-01-10,2
"1300",17,2017-01-11,2
"1301",17,2017-01-12,3
"1302",17,2017-01-13,7
"1303",17,2017-01-14,7
"1304",17,2017-01-15,5
"1305",17,2017-01-16,10
"1306",17,2017-01-17,3
"1307",17,2017-01-18,7
"1308",17,2017-01-19,3
"1309",17,2017-01-20,10
"1310",17,2017-01-21,2
"1311",17,2017-01-22,5
"1312",17,2017-01-23,6
"1313",17,2017-01-24,4
"1314",17,2017-01-25,6
"1315",17,2017-01-26,10
"1316",17,2017-01-27,3
"1317",17,2017-01-28,10
"1318",17,2017-01-29,10
"1319",17,2017-01-30,2
"1320",17,2017-01-31,1
"1321",18,2016-09-02,8
"1322",18,2016-09-03,8
"1323",18,2016-09-04,8
"1324",18,2016-09-05,8
"1325",18,2016-09-06,8
"1326",18,2016-09-07,8
"1327",18,2016-09-08,5
"1328",18,2016-09-09,8
"1329",18,2016-09-10,8
"1330",18,2016-09-11,8
"1331",18,2016-09-12,8
"1332",18,2016-09-13,5
"1333",18,2016-09-14,5
"1334",18,2016-09-15,3
"1335",18,2016-09-16,5
"1336",18,2016-09-17,8
"1337",18,2016-09-18,8
"1338",18,2016-09-24,8
"1339",18,2016-09-25,8
"1340",18,2016-09-26,6
"1341",18,2016-09-27,6
"1342",18,2016-09-28,8
"1343",18,2016-09-29,8
"1344",18,2016-09-30,8
"1345",18,2016-10-01,8
"1346",18,2016-10-02,9
"1347",18,2016-10-03,6
"1348",18,2016-10-04,5
"1349",18,2016-10-05,6
"1350",18,2016-10-06,8
"1351",18,2016-10-07,6
"1352",18,2016-10-08,6
"1353",18,2016-10-09,8
"1354",18,2016-10-10,8
"1355",18,2016-10-11,8
"1356",18,2016-10-12,8
"1357",18,2016-10-13,6
"1358",18,2016-10-14,6
"1359",18,2016-10-15,6
"1360",18,2016-10-16,8
"1361",18,2016-10-17,6
"1362",18,2016-10-18,5
"1363",18,2016-10-19,8
"1364",19,2016-09-02,5
"1365",19,2016-09-03,1
"1366",19,2016-09-04,5
"1367",19,2016-09-05,3
"1368",19,2016-09-06,1
"1369",19,2016-09-07,5
"1370",19,2016-09-08,3
"1371",19,2016-09-09,5
"1372",19,2016-09-10,5
"1373",19,2016-09-11,5
"1374",19,2016-09-12,3
"1375",19,2016-09-13,3
"1376",19,2016-09-14,3
"1377",19,2016-09-15,5
"1378",19,2016-09-16,3
"1379",19,2016-09-17,5
"1380",19,2016-09-18,5
"1381",19,2016-09-24,6
"1382",19,2016-09-25,9
"1383",19,2016-09-26,3
"1384",19,2016-09-27,3
"1385",19,2016-09-28,5
"1386",19,2016-09-29,4
"1387",19,2016-09-30,3
"1388",19,2016-10-01,6
"1389",19,2016-10-02,3
"1390",19,2016-10-03,9
"1391",19,2016-10-04,3
"1392",19,2016-10-05,9
"1393",19,2016-10-06,1
"1394",19,2016-10-07,3
"1395",19,2016-10-08,4
"1396",19,2016-10-09,3
"1397",19,2016-10-10,3
"1398",19,2016-10-11,10
"1399",19,2016-10-12,3
"1400",19,2016-10-13,3
"1401",19,2016-10-14,10
"1402",19,2016-10-15,3
"1403",19,2016-10-16,10
"1404",19,2016-10-17,3
"1405",19,2016-10-18,3
"1406",19,2016-10-19,3
"1407",19,2016-10-20,1
"1408",19,2016-10-21,3
"1409",19,2016-10-24,3
"1410",19,2016-10-25,5
"1411",19,2016-10-26,3
"1412",19,2016-10-27,3
"1413",19,2016-10-28,3
"1414",19,2016-10-29,3
"1415",19,2016-10-30,5
"1416",19,2016-10-31,5
"1417",20,2017-03-02,5
"1418",20,2017-03-03,5
"1419",20,2017-03-04,3
"1420",20,2017-03-05,7
"1421",20,2017-03-06,5
"1422",20,2017-03-07,5
"1423",20,2017-03-08,5
"1424",20,2017-03-09,5
"1425",20,2017-03-10,5
"1426",20,2017-03-11,6
"1427",20,2017-03-12,5
"1428",20,2017-03-13,5
"1429",20,2017-03-14,6
"1430",20,2017-03-15,8
"1431",20,2017-03-16,5
"1432",20,2017-03-17,5
"1433",20,2017-03-18,5
"1434",20,2017-03-19,3
"1435",20,2017-03-20,5
"1436",20,2017-03-21,5
"1437",20,2017-03-22,5
"1438",20,2017-03-23,5
"1439",20,2017-03-24,10
"1440",20,2017-03-25,5
"1441",20,2017-03-26,6
"1442",20,2017-03-27,5
"1443",20,2017-03-28,5
"1444",20,2017-03-31,5
"1445",20,2017-04-01,5
"1446",20,2017-04-02,9
"1447",20,2017-04-03,5
"1448",20,2017-04-04,5
"1449",20,2017-04-05,5
"1450",20,2017-04-06,6
"1451",20,2017-04-07,8
"1452",20,2017-04-08,6
"1453",20,2017-04-09,6
"1454",20,2017-04-10,5
"1455",20,2017-04-11,6
"1456",20,2017-04-12,5
"1457",20,2017-04-13,10
"1458",20,2017-04-14,6
"1459",20,2017-04-15,5
"1460",20,2017-04-16,7
"1461",20,2017-04-17,10
"1462",20,2017-04-18,7
"1463",20,2017-04-19,5
"1464",20,2017-04-20,9
"1465",20,2017-04-21,6
"1466",20,2017-04-22,6
"1467",20,2017-04-23,6
"1468",20,2017-04-24,5
"1469",20,2017-04-25,7
"1470",20,2017-04-26,5
"1471",20,2017-04-27,5
"1472",20,2017-04-28,5
"1473",20,2017-04-29,5
"1474",20,2017-04-30,5
"1475",21,2016-12-02,5
"1476",21,2016-12-03,1
"1477",21,2016-12-04,6
"1478",21,2016-12-05,5
"1479",21,2016-12-06,5
"1480",21,2016-12-07,5
"1481",21,2016-12-08,10
"1482",21,2016-12-09,5
"1483",21,2016-12-10,1
"1484",21,2016-12-11,3
"1485",21,2016-12-12,1
"1486",21,2016-12-13,6
"1487",21,2016-12-14,7
"1488",21,2016-12-15,3
"1489",21,2016-12-16,6
"1490",21,2016-12-17,3
"1491",21,2016-12-18,5
"1492",21,2016-12-19,5
"1493",21,2016-12-20,6
"1494",21,2016-12-21,1
"1495",21,2016-12-22,3
"1496",21,2016-12-23,5
"1497",21,2016-12-24,10
"1498",21,2016-12-25,3
"1499",21,2016-12-26,3
"1500",21,2016-12-27,5
"1501",21,2016-12-28,1
"1502",21,2016-12-29,5
"1503",21,2016-12-30,9
"1504",21,2017-01-02,10
"1505",21,2017-01-03,5
"1506",21,2017-01-04,5
"1507",21,2017-01-05,5
"1508",21,2017-01-06,9
"1509",21,2017-01-07,3
"1510",21,2017-01-08,3
"1511",21,2017-01-09,5
"1512",21,2017-01-10,5
"1513",21,2017-01-11,5
"1514",21,2017-01-12,5
"1515",21,2017-01-13,6
"1516",21,2017-01-14,3
"1517",21,2017-01-15,3
"1518",21,2017-01-16,5
"1519",21,2017-01-17,5
"1520",21,2017-01-18,10
"1521",21,2017-01-19,5
"1522",21,2017-01-20,6
"1523",21,2017-01-21,5
"1524",21,2017-01-22,5
"1525",21,2017-01-23,5
"1526",21,2017-01-24,5
"1527",21,2017-01-25,5
"1528",21,2017-01-26,3
"1529",21,2017-01-27,10
"1530",21,2017-01-28,1
"1531",21,2017-01-29,3
"1532",21,2017-01-30,5
"1533",21,2017-01-31,5
